"","Bat.species","Bat.family","Coronavirus.subgenus","Continent","Country","Reference"
"1","Hipposideros abae","Hipposideridae","Duvinacovirus","Africa","Ghana","Corman 2015 J Virol https://doi.org/10.1128/JVI.01755-15"
"2","Hipposideros caffer","Hipposideridae","Duvinacovirus","Africa, America, Asia","Cameroon, Gabon, Democratic Republic of Congo, Republic of Congo, Rwanda, Tanzania, Uganda, Peru, Bolivia, Brazil, Mexico, Bangladesh, Cambodia, China, Indonesia, Laos, Malaysia, Nepal, Thailand, Vietnam","Anthony 2017 Virus Evolution https://doi.org/10.1093/ve/vex012, PREEMPT database http://data.predict.global/"
"3","Hipposideros caffer","Hipposideridae","Duvinacovirus","Africa","Mozambique","Joffrin 2020 Sci Rep https://doi.org/10.1038/s41598-020-63799-7"
"4","Hipposideros caffer","Hipposideridae","Duvinacovirus","Africa","Cameroon","Ntumvi 2021 bioRxiv https://doi.org/10.1101/2021.09.03.458874"
"5","Hipposideros caffer","Hipposideridae","Duvinacovirus","Africa","Kenya","Waruhiu 2017 Vir Sinica https://doi.org/10.1007/s12250-016-3930-2"
"6","Hipposideros cf. caffer","Hipposideridae","Duvinacovirus","Africa","Zimbabwe","Bourgarel 2018 IGE https://doi.org/10.1016/j.meegid.2018.01.007"
"7","Hipposideros cf. ruber","Hipposideridae","Duvinacovirus","Africa","Ghana","Corman 2015 J Virol https://doi.org/10.1128/JVI.01755-15"
"8","Hipposideros cf. ruber","Hipposideridae","Duvinacovirus","Africa","Gabon","Maganga 2014 PLoS ONE https://dx.doi.org/10.1371%2Fjournal.pone.0100172"
"9","Hipposideros cf. ruber","Hipposideridae","Duvinacovirus","Africa","Gabon","Maganga 2020 Scientific Reports https://doi.org/10.1038/s41598-020-64159-1"
"10","Hipposideros cf. ruber","Hipposideridae","Duvinacovirus","Africa","Ghana","Pfefferle 2009 EID https://dx.doi.org/10.3201%2Feid1509.090224"
"11","Hipposideros curtus","Hipposideridae","Duvinacovirus","Africa","Cameroon","Ntumvi 2021 bioRxiv https://doi.org/10.1101/2021.09.03.458874"
"12","Hipposideros curtus","Hipposideridae","Duvinacovirus","Africa","Cameroon","PREEMPT database http://data.predict.global/"
"13","Hipposideros gigas","Hipposideridae","Duvinacovirus","Africa","Gabon","Maganga 2020 Scientific Reports https://doi.org/10.1038/s41598-020-64159-1"
"14","Hipposideros ruber","Hipposideridae","Duvinacovirus","Africa, America, Asia","Cameroon, Gabon, Democratic Republic of Congo, Republic of Congo, Rwanda, Tanzania, Uganda, Peru, Bolivia, Brazil, Mexico, Bangladesh, Cambodia, China, Indonesia, Laos, Malaysia, Nepal, Thailand, Vietnam","Anthony 2017 Virus Evolution https://doi.org/10.1093/ve/vex012, PREEMPT database http://data.predict.global/"
"15","Hipposideros ruber","Hipposideridae","Duvinacovirus","Africa","Democratic Republic of the Congo, Republic of the Congo","Kumakamba 2021 PLoS ONE https://doi.org/10.1371/journal.pone.0236971"
"16","Hipposideros ruber","Hipposideridae","Duvinacovirus","Africa","Guinea","Lacroix 2020 Viruses http://dx.doi.org/10.3390/v12080855"
"17","Hipposideros ruber","Hipposideridae","Duvinacovirus","Africa","Cameroon","Ntumvi 2021 bioRxiv https://doi.org/10.1101/2021.09.03.458874"
"18","Hipposideros vittatus","Hipposideridae","Duvinacovirus","Africa","Kenya","Tao 2017 J Virol https://doi.org/10.1128/JVI.01953-16"
"19","Chaerephon pumilus","Molossidae","Duvinacovirus","Africa","Kenya","Tong 2009 EID https://dx.doi.org/10.3201%2Feid1503.081013"
"20","Myonycteris angolensis","Pteropodidae","Duvinacovirus","Africa, America, Asia","Cameroon, Gabon, Democratic Republic of Congo, Republic of Congo, Rwanda, Tanzania, Uganda, Peru, Bolivia, Brazil, Mexico, Bangladesh, Cambodia, China, Indonesia, Laos, Malaysia, Nepal, Thailand, Vietnam","Anthony 2017 Virus Evolution https://doi.org/10.1093/ve/vex012, PREEMPT database http://data.predict.global/"
"21","Rhinolophus cf. clivosus","Rhinolophidae","Duvinacovirus","Africa","Rwanda, Tanzania, Uganda","Montecino-Latorre 2020 One Health Outlook https://doi.org/10.1186/s42522-019-0008-8"
"22","Rhinolophus clivosus","Rhinolophidae","Duvinacovirus","Africa, America, Asia","Cameroon, Gabon, Democratic Republic of Congo, Republic of Congo, Rwanda, Tanzania, Uganda, Peru, Bolivia, Brazil, Mexico, Bangladesh, Cambodia, China, Indonesia, Laos, Malaysia, Nepal, Thailand, Vietnam","Anthony 2017 Virus Evolution https://doi.org/10.1093/ve/vex012"
"23","Hipposideros armiger","Hipposideridae","Hibecovirus","Asia","China","Latinne 2020 Nature Communications https://www.nature.com/articles/s41467-020-17687-33"
"24","Hipposideros caffer","Hipposideridae","Hibecovirus","Africa, America, Asia","Cameroon, Gabon, Democratic Republic of Congo, Republic of Congo, Rwanda, Tanzania, Uganda, Peru, Bolivia, Brazil, Mexico, Bangladesh, Cambodia, China, Indonesia, Laos, Malaysia, Nepal, Thailand, Vietnam","Anthony 2017 Virus Evolution https://doi.org/10.1093/ve/vex012, PREEMPT database http://data.predict.global/"
"25","Hipposideros caffer","Hipposideridae","Hibecovirus","Africa","Rwanda","Nziza 2019 EcoHealth https://doi.org/10.1007/s10393-019-01458-8"
"26","Hipposideros cf. caffer","Hipposideridae","Hibecovirus","Africa","Zimbabwe","Bourgarel 2018 IGE https://doi.org/10.1016/j.meegid.2018.01.007"
"27","Hipposideros cf. ruber","Hipposideridae","Hibecovirus","Africa","Gabon","Maganga 2014 PLoS ONE https://dx.doi.org/10.1371%2Fjournal.pone.0100172"
"28","Hipposideros cf. ruber","Hipposideridae","Hibecovirus","Africa","Ghana","Pfefferle 2009 EID https://dx.doi.org/10.3201%2Feid1509.090224"
"29","Hipposideros commersoni","Hipposideridae","Hibecovirus","Africa","Nigeria","Quan 2010 mBio https://doi.org/10.1128/mBio.00208-10"
"30","Hipposideros fuliginosus","Hipposideridae","Hibecovirus","Africa","Cameroon","Ntumvi 2021 bioRxiv https://doi.org/10.1101/2021.09.03.458874"
"31","Hipposideros gigas","Hipposideridae","Hibecovirus","Africa","Gabon","Maganga 2020 Scientific Reports https://doi.org/10.1038/s41598-020-64159-1"
"32","Hipposideros gigas","Hipposideridae","Hibecovirus","Africa","Cameroon, Gabon, Guinea, Ivory Coast, Republic of Congo, South Sudan","PREEMPT database http://data.predict.global/"
"33","Hipposideros larvatus","Hipposideridae","Hibecovirus","Africa, America, Asia","Cameroon, Gabon, Democratic Republic of Congo, Republic of Congo, Rwanda, Tanzania, Uganda, Peru, Bolivia, Brazil, Mexico, Bangladesh, Cambodia, China, Indonesia, Laos, Malaysia, Nepal, Thailand, Vietnam","Anthony 2017 Virus Evolution https://doi.org/10.1093/ve/vex012"
"34","Hipposideros larvatus","Hipposideridae","Hibecovirus","Asia","Thailand","Ar Gouilh	2011 IGE https://doi.org/10.1016/j.meegid.2011.06.021"
"35","Hipposideros pomona","Hipposideridae","Hibecovirus","Asia","China","Ge 2016 Virologica Sinica https://doi.org/10.1007/s12250-016-3713-9"
"36","Hipposideros pomona","Hipposideridae","Hibecovirus","Asia","China","Latinne 2020 Nature Communications https://www.nature.com/articles/s41467-020-17687-33"
"37","Hipposideros pratti","Hipposideridae","Hibecovirus","Asia","China","Latinne 2020 Nature Communications https://www.nature.com/articles/s41467-020-17687-33"
"38","Hipposideros pratti","Hipposideridae","Hibecovirus","Asia","China","Wu 2015 ISME J https://doi.org/10.1038/ismej.2015.138"
"39","Hipposideros ruber","Hipposideridae","Hibecovirus","Africa, America, Asia","Cameroon, Gabon, Democratic Republic of Congo, Republic of Congo, Rwanda, Tanzania, Uganda, Peru, Bolivia, Brazil, Mexico, Bangladesh, Cambodia, China, Indonesia, Laos, Malaysia, Nepal, Thailand, Vietnam","Anthony 2017 Virus Evolution https://doi.org/10.1093/ve/vex012, PREEMPT database http://data.predict.global/"
"40","Hipposideros ruber","Hipposideridae","Hibecovirus","Africa","Nigeria","Kia 2021 American Journal of Tropical Medicine and Hygiene https://doi.org/10.4269/ajtmh.19-0872"
"41","Hipposideros ruber","Hipposideridae","Hibecovirus","Africa","Democratic Republic of the Congo, Republic of the Congo","Kumakamba 2021 PLoS ONE https://doi.org/10.1371/journal.pone.0236971"
"42","Hipposideros ruber","Hipposideridae","Hibecovirus","Africa","Guinea","Lacroix 2020 Viruses http://dx.doi.org/10.3390/v12080855"
"43","Hipposideros ruber","Hipposideridae","Hibecovirus","Africa","Cameroon","Ntumvi 2021 bioRxiv https://doi.org/10.1101/2021.09.03.458874"
"44","Macronycteris gigas","Hipposideridae","Hibecovirus","Africa","Cameroon","Ntumvi 2021 bioRxiv https://doi.org/10.1101/2021.09.03.458874"
"45","Mops condylurus","Molossidae","Hibecovirus","Africa","Cameroon","Ntumvi 2021 bioRxiv https://doi.org/10.1101/2021.09.03.458874"
"46","Myonycteris angolensis","Pteropodidae","Hibecovirus","Africa","Cameroon, Ghana, Guinea, Ivory Coast, Liberia, Republic of Congo, Rwanda, Sierra Leone, Uganda","PREEMPT database http://data.predict.global/"
"47","Rhinolophus clivosus","Rhinolophidae","Hibecovirus","Africa","Rwanda","Nziza 2019 EcoHealth https://doi.org/10.1007/s10393-019-01458-8"
"48","Rhinonicteris aurantia","Rhinonycteridae","Hibecovirus","Oceania","Australia","Smith 2016 EcoHealth https://doi.org/10.1007/s10393-016-1116-x"
"49","Vespertilio sinensis","Vespertilionidae","Hibecovirus","Asia","China","Latinne 2020 Nature Communications https://www.nature.com/articles/s41467-020-17687-33"
"50","Taphozous perforatus","Emballonuridae","Merbecovirus","Asia","Saudi Arabia","Memish 2013 EID https://dx.doi.org/10.3201%2Feid1911.131172"
"51","Hipposideros armiger","Hipposideridae","Merbecovirus","Africa, America, Asia","Cameroon, Gabon, Democratic Republic of Congo, Republic of Congo, Rwanda, Tanzania, Uganda, Peru, Bolivia, Brazil, Mexico, Bangladesh, Cambodia, China, Indonesia, Laos, Malaysia, Nepal, Thailand, Vietnam","Anthony 2017 Virus Evolution https://doi.org/10.1093/ve/vex012"
"52","Hipposideros armiger","Hipposideridae","Merbecovirus","Asia","China","Wu 2021 Research Square https://doi.org/10.21203/rs.3.rs-885194/v1"
"53","Miniopterus schreibersii","Miniopteridae","Merbecovirus","Asia","South Korea","Lee 2021 Transboundary and Emerging Diseases https://doi.org/10.1111/tbed.14324"
"54","Chaerephon plicatus","Molossidae","Merbecovirus","Asia","Thailand","Wacharapluesadee 2013 EID https://dx.doi.org/10.3201%2Feid1908.130119"
"55","Eumops glaucinus","Molossidae","Merbecovirus","America","Brazil","Goes 2016 IGE https://doi.org/10.1016/j.meegid.2016.07.034"
"56","Nyctinomops laticaudatus","Molossidae","Merbecovirus","America","Mexico","Anthony 2013 J Gen Virol https://doi.org/10.1099/vir.0.049759-0"
"57","Nyctinomops laticaudatus","Molossidae","Merbecovirus","Africa, America, Asia","Cameroon, Gabon, Democratic Republic of Congo, Republic of Congo, Rwanda, Tanzania, Uganda, Peru, Bolivia, Brazil, Mexico, Bangladesh, Cambodia, China, Indonesia, Laos, Malaysia, Nepal, Thailand, Vietnam","Anthony 2017 Virus Evolution https://doi.org/10.1093/ve/vex012"
"58","Nycteris cf. gambiensis","Nycteridae","Merbecovirus","Africa","Ghana","Annan 2013 EID https://dx.doi.org/10.3201%2Feid1903.121503"
"59","Nycteris macrotis","Nycteridae","Merbecovirus","Africa","Guinea","Lacroix 2020 Viruses http://dx.doi.org/10.3390/v12080855"
"60","Nycteris thebaica","Nycteridae","Merbecovirus","Africa","Mozambique","Joffrin 2020 Sci Rep https://doi.org/10.1038/s41598-020-63799-7"
"61","Rousettus leschenaultii","Pteropodidae","Merbecovirus","Asia","China","Wu 2021 Research Square https://doi.org/10.21203/rs.3.rs-885194/v1"
"62","Rhinolophus ferrumequinum","Rhinolophidae","Merbecovirus","Asia","South Korea","Lee 2021 Transboundary and Emerging Diseases https://doi.org/10.1111/tbed.14324"
"63","Rhinolophus ferrumequinum","Rhinolophidae","Merbecovirus","Asia","South Korea","Lo 2020 Transboundary and Emerging Diseases https://doi.org/10.1111/tbed.13653"
"64","Rhinolophus ferrumequinum","Rhinolophidae","Merbecovirus","Asia","China","Tang 2006 J Virol https://doi.org/10.1128/JVI.00697-06"
"65","Triaenops persicus","Rhinonycteridae","Merbecovirus","Africa, America, Asia","Cameroon, Gabon, Democratic Republic of Congo, Republic of Congo, Rwanda, Tanzania, Uganda, Peru, Bolivia, Brazil, Mexico, Bangladesh, Cambodia, China, Indonesia, Laos, Malaysia, Nepal, Thailand, Vietnam","Anthony 2017 Virus Evolution https://doi.org/10.1093/ve/vex012"
"66","Eptesicus isabellinus","Vespertilionidae","Merbecovirus","Europe","Spain","Falcon 2011 Archives of Virology https://doi.org/10.1007/s00705-011-1057-1"
"67","Eptesicus nilssonii","Vespertilionidae","Merbecovirus","Europe","Finland","Kivisto 2019 VBZD https://doi.org/10.1089/vbz.2018.2367"
"68","Eptesicus serotinus","Vespertilionidae","Merbecovirus","Europe","Italy","De Benedictis 2013 Virus Genes https://doi.org/10.1007/s11262-013-1008-x"
"69","Eptesicus serotinus","Vespertilionidae","Merbecovirus","Asia","China","Han 2017 ZPH https://doi.org/10.1111/zph.12358"
"70","Eptesicus serotinus","Vespertilionidae","Merbecovirus","Asia","South Korea","Lee 2017 Microbial Ecology https://doi.org/10.1007/s00248-017-1033-8"
"71","Eptesicus serotinus","Vespertilionidae","Merbecovirus","Asia","South Korea","Lee 2021 Transboundary and Emerging Diseases https://doi.org/10.1111/tbed.14324"
"72","Hypsugo pulveratus","Vespertilionidae","Merbecovirus","Asia","China","Lau 2018 JID https://doi.org/10.1093/infdis/jiy018"
"73","Hypsugo pulveratus","Vespertilionidae","Merbecovirus","Asia","China","Lau 2021 Hong Kong Medical Journal https://www.hkmj.org/abstracts/v27 Suppl 2n3/23.htm"
"74","Hypsugo savii","Vespertilionidae","Merbecovirus","Europe","Spain","Falcon 2011 Archives of Virology https://doi.org/10.1007/s00705-011-1057-1"
"75","Hypsugo savii","Vespertilionidae","Merbecovirus","Europe","Italy","Lelli 2013 Viruses https://doi.org/10.3390/v5112679"
"76","Hypsugo savii","Vespertilionidae","Merbecovirus","Europe","Italy","Moreno 2017 Virology J https://doi.org/10.1186/s12985-017-0907-1"
"77","Ia io","Vespertilionidae","Merbecovirus","Africa, America, Asia","Cameroon, Gabon, Democratic Republic of Congo, Republic of Congo, Rwanda, Tanzania, Uganda, Peru, Bolivia, Brazil, Mexico, Bangladesh, Cambodia, China, Indonesia, Laos, Malaysia, Nepal, Thailand, Vietnam","Anthony 2017 Virus Evolution https://doi.org/10.1093/ve/vex012"
"78","Ia io","Vespertilionidae","Merbecovirus","Asia","China","Latinne 2020 Nature Communications https://www.nature.com/articles/s41467-020-17687-33"
"79","Ia io","Vespertilionidae","Merbecovirus","Asia","China","Luo 2018 J Virol http://doi.org/10.1128/JVI.00116-18"
"80","Myotis daubentonii","Vespertilionidae","Merbecovirus","Asia","China","Xu 2016 Virologica Sinica https://doi.org/10.1007/s12250-016-3727-3"
"81","Myotis ikonnikovi","Vespertilionidae","Merbecovirus","Asia","South Korea","Lee 2021 Transboundary and Emerging Diseases https://doi.org/10.1111/tbed.14324"
"82","Myotis pequinius","Vespertilionidae","Merbecovirus","Asia","China","Han 2017 ZPH https://doi.org/10.1111/zph.12358"
"83","Myotis ricketti","Vespertilionidae","Merbecovirus","Africa, America, Asia","Cameroon, Gabon, Democratic Republic of Congo, Republic of Congo, Rwanda, Tanzania, Uganda, Peru, Bolivia, Brazil, Mexico, Bangladesh, Cambodia, China, Indonesia, Laos, Malaysia, Nepal, Thailand, Vietnam","Anthony 2017 Virus Evolution https://doi.org/10.1093/ve/vex012"
"84","Myotis ricketti","Vespertilionidae","Merbecovirus","Asia","China","Wu 2021 Research Square https://doi.org/10.21203/rs.3.rs-885194/v1"
"85","Myotis siligorensis","Vespertilionidae","Merbecovirus","Asia","China","Wu 2021 Research Square https://doi.org/10.21203/rs.3.rs-885194/v1"
"86","Neoromicia capensis","Vespertilionidae","Merbecovirus","Africa","South Africa","Corman 2014 J Virol https://doi.org/10.1128/JVI.01498-14"
"87","Neoromicia capensis","Vespertilionidae","Merbecovirus","Africa","South Africa","Geldenhuys 2018 PLoS ONE https://dx.doi.org/10.1371%2Fjournal.pone.0194527"
"88","Neoromicia cf. zuluensis","Vespertilionidae","Merbecovirus","Africa","South Africa","Ithete 2013 Emerging Infectious Diseases https://dx.doi.org/10.3201%2Feid1910.130946"
"89","Nyctalus noctula","Vespertilionidae","Merbecovirus","Europe","Italy","Lelli 2013 Viruses https://doi.org/10.3390/v5112679"
"90","Pipistrellus abramus","Vespertilionidae","Merbecovirus","Asia","China","Latinne 2020 Nature Communications https://www.nature.com/articles/s41467-020-17687-33"
"91","Pipistrellus abramus","Vespertilionidae","Merbecovirus","Asia","China","Lau 2013 J Virol https://doi.org/10.1128/JVI.01055-13"
"92","Pipistrellus abramus","Vespertilionidae","Merbecovirus","Asia","China","Lau 2021 Hong Kong Medical Journal https://www.hkmj.org/abstracts/v27 Suppl 2n3/23.htm"
"93","Pipistrellus abramus","Vespertilionidae","Merbecovirus","Asia","South Korea","Lee 2017 Microbial Ecology https://doi.org/10.1007/s00248-017-1033-8"
"94","Pipistrellus abramus","Vespertilionidae","Merbecovirus","Asia","South Korea","Lee 2021 Transboundary and Emerging Diseases https://doi.org/10.1111/tbed.14324"
"95","Pipistrellus abramus","Vespertilionidae","Merbecovirus","Asia","China","Luo 2018 J Virol http://doi.org/10.1128/JVI.00116-18"
"96","Pipistrellus abramus","Vespertilionidae","Merbecovirus","Asia","China","Tang 2006 J Virol https://doi.org/10.1128/JVI.00697-06"
"97","Pipistrellus abramus","Vespertilionidae","Merbecovirus","Asia","China","Woo 2006 Virology https://doi.org/10.1016/j.virol.2006.02.041"
"98","Pipistrellus abramus","Vespertilionidae","Merbecovirus","Asia","China","Wu 2015 ISME J https://doi.org/10.1038/ismej.2015.138"
"99","Pipistrellus abramus","Vespertilionidae","Merbecovirus","Asia","China","Wu 2021 Research Square https://doi.org/10.21203/rs.3.rs-885194/v1"
"100","Pipistrellus cf. hesperidus","Vespertilionidae","Merbecovirus","Africa","Uganda","Anthony 2017 mBio https://doi.org/10.1128/mBio.00373-17"
"101","Pipistrellus cf. hesperidus","Vespertilionidae","Merbecovirus","Africa","Rwanda, Tanzania, Uganda","Montecino-Latorre 2020 One Health Outlook https://doi.org/10.1186/s42522-019-0008-8"
"102","Pipistrellus coromandra","Vespertilionidae","Merbecovirus","Africa, America, Asia","Cameroon, Gabon, Democratic Republic of Congo, Republic of Congo, Rwanda, Tanzania, Uganda, Peru, Bolivia, Brazil, Mexico, Bangladesh, Cambodia, China, Indonesia, Laos, Malaysia, Nepal, Thailand, Vietnam","Anthony 2017 Virus Evolution https://doi.org/10.1093/ve/vex012"
"103","Pipistrellus coromandra","Vespertilionidae","Merbecovirus","Asia","Laos, Cambodia","Lacroix 2017 IGE https://doi.org/10.1016/j.meegid.2016.11.029"
"104","Pipistrellus hesperidus","Vespertilionidae","Merbecovirus","Africa, America, Asia","Cameroon, Gabon, Democratic Republic of Congo, Republic of Congo, Rwanda, Tanzania, Uganda, Peru, Bolivia, Brazil, Mexico, Bangladesh, Cambodia, China, Indonesia, Laos, Malaysia, Nepal, Thailand, Vietnam","Anthony 2017 Virus Evolution https://doi.org/10.1093/ve/vex012, PREEMPT database http://data.predict.global/"
"105","Pipistrellus kuhlii","Vespertilionidae","Merbecovirus","Europe","Italy","Lelli 2013 Viruses https://doi.org/10.3390/v5112679"
"106","Pipistrellus kuhlii","Vespertilionidae","Merbecovirus","Europe","Italy","Moreno 2017 Virology J https://doi.org/10.1186/s12985-017-0907-1"
"107","Pipistrellus minus","Vespertilionidae","Merbecovirus","Asia","China","Luo 2018 J Virol http://doi.org/10.1128/JVI.00116-18"
"108","Pipistrellus nathusii","Vespertilionidae","Merbecovirus","Europe","Germany, Romania, Ukraine","Annan 2013 EID https://dx.doi.org/10.3201%2Feid1903.121503"
"109","Pipistrellus pipistrellus","Vespertilionidae","Merbecovirus","Europe","Netherlands, Germany, Romania","Annan 2013 EID https://dx.doi.org/10.3201%2Feid1903.121503"
"110","Pipistrellus pipistrellus","Vespertilionidae","Merbecovirus","Africa, America, Asia","Cameroon, Gabon, Democratic Republic of Congo, Republic of Congo, Rwanda, Tanzania, Uganda, Peru, Bolivia, Brazil, Mexico, Bangladesh, Cambodia, China, Indonesia, Laos, Malaysia, Nepal, Thailand, Vietnam","Anthony 2017 Virus Evolution https://doi.org/10.1093/ve/vex012"
"111","Pipistrellus pipistrellus","Vespertilionidae","Merbecovirus","Asia","China","Luo 2018 J Virol http://doi.org/10.1128/JVI.00116-18"
"112","Pipistrellus pipistrellus","Vespertilionidae","Merbecovirus","Europe","Netherlands","Reusken 2010 VBZD https://doi.org/10.1089/vbz.2009.0173"
"113","Pipistrellus pipistrellus","Vespertilionidae","Merbecovirus","Asia","China","Tang 2006 J Virol https://doi.org/10.1128/JVI.00697-06"
"114","Pipistrellus pygmaeus","Vespertilionidae","Merbecovirus","Europe","Germany, Romania, Ukraine","Annan 2013 EID https://dx.doi.org/10.3201%2Feid1903.121503"
"115","Plecotus auritus","Vespertilionidae","Merbecovirus","Europe","Italy","Rizzo 2017 BMC Veterinary Research https://doi.org/10.1186/s12917-017-1307-x"
"116","Tylonycteris pachypus","Vespertilionidae","Merbecovirus","Asia","China","Latinne 2020 Nature Communications https://www.nature.com/articles/s41467-020-17687-33"
"117","Tylonycteris pachypus","Vespertilionidae","Merbecovirus","Asia","China","Lau 2013 J Virol https://doi.org/10.1128/JVI.01055-13"
"118","Tylonycteris pachypus","Vespertilionidae","Merbecovirus","Asia","China","Lau 2018 JID https://doi.org/10.1093/infdis/jiy018"
"119","Tylonycteris pachypus","Vespertilionidae","Merbecovirus","Asia","China","Lau 2021 Hong Kong Medical Journal https://www.hkmj.org/abstracts/v27 Suppl 2n3/23.htm"
"120","Tylonycteris pachypus","Vespertilionidae","Merbecovirus","Asia","China","Lau 2021 Nature Communications https://doi.org/10.1038/s41467-020-20458-9"
"121","Tylonycteris pachypus","Vespertilionidae","Merbecovirus","Asia","China","Luo 2018 J Virol http://doi.org/10.1128/JVI.00116-18"
"122","Tylonycteris pachypus","Vespertilionidae","Merbecovirus","Asia","China","Tang 2006 J Virol https://doi.org/10.1128/JVI.00697-06"
"123","Tylonycteris pachypus","Vespertilionidae","Merbecovirus","Asia","China","Woo 2006 Virology https://doi.org/10.1016/j.virol.2006.02.041"
"124","Tylonycteris pachypus","Vespertilionidae","Merbecovirus","Asia","China","Wu 2015 ISME J https://doi.org/10.1038/ismej.2015.138"
"125","Tylonycteris pachypus","Vespertilionidae","Merbecovirus","Asia","China","Wu 2021 Research Square https://doi.org/10.21203/rs.3.rs-885194/v1"
"126","Vespertilio murinus","Vespertilionidae","Merbecovirus","Europe","Switzerland","Hardmeier 2021 PLOS ONE https://doi.org/10.1371/journal.pone.0252534"
"127","Vespertilio sinensis","Vespertilionidae","Merbecovirus","Asia","China","Latinne 2020 Nature Communications https://www.nature.com/articles/s41467-020-17687-33"
"128","Vespertilio sinensis","Vespertilionidae","Merbecovirus","Asia","South Korea","Lee 2017 Microbial Ecology https://doi.org/10.1007/s00248-017-1033-8"
"129","Vespertilio sinensis","Vespertilionidae","Merbecovirus","Asia","South Korea","Lee 2021 Transboundary and Emerging Diseases https://doi.org/10.1111/tbed.14324"
"130","Vespertilio superans","Vespertilionidae","Merbecovirus","Africa, America, Asia","Cameroon, Gabon, Democratic Republic of Congo, Republic of Congo, Rwanda, Tanzania, Uganda, Peru, Bolivia, Brazil, Mexico, Bangladesh, Cambodia, China, Indonesia, Laos, Malaysia, Nepal, Thailand, Vietnam","Anthony 2017 Virus Evolution https://doi.org/10.1093/ve/vex012"
"131","Vespertilio superans","Vespertilionidae","Merbecovirus","Asia","China","Luo 2018 J Virol http://doi.org/10.1128/JVI.00116-18"
"132","Vespertilio superans","Vespertilionidae","Merbecovirus","Asia","China","Wu 2015 ISME J https://doi.org/10.1038/ismej.2015.138"
"133","Vespertilio superans","Vespertilionidae","Merbecovirus","Asia","China","Yang 2014 EID https://dx.doi.org/10.3201%2Feid2007.140318"
"134","Emballonura alecto","Emballonuridae","Nobecovirus","Asia","Philippines","Tsuda 2012 Arch Virol https://doi.org/10.1007/s00705-012-1410-z"
"135","Hipposideros armiger","Hipposideridae","Nobecovirus","Asia","China","Ge 2012 Journal of Virology https://doi.org/10.1128/JVI.06671-11"
"136","Hipposideros armiger","Hipposideridae","Nobecovirus","Asia","China","Latinne 2020 Nature Communications https://www.nature.com/articles/s41467-020-17687-33"
"137","Hipposideros commersoni","Hipposideridae","Nobecovirus","Africa","Kenya","Tong 2009 EID https://dx.doi.org/10.3201%2Feid1503.081013"
"138","Hipposideros larvatus","Hipposideridae","Nobecovirus","Asia","Bangladesh, China, Lao PDR, Malaysia, Myanmar, Thailand","PREEMPT database http://data.predict.global/"
"139","Hipposideros lekaguli","Hipposideridae","Nobecovirus","Africa, America, Asia","Cameroon, Gabon, Democratic Republic of Congo, Republic of Congo, Rwanda, Tanzania, Uganda, Peru, Bolivia, Brazil, Mexico, Bangladesh, Cambodia, China, Indonesia, Laos, Malaysia, Nepal, Thailand, Vietnam","Anthony 2017 Virus Evolution https://doi.org/10.1093/ve/vex012"
"140","Hipposideros lekaguli","Hipposideridae","Nobecovirus","Asia","Thailand","Wacharapluesadee 2015 Virology Journal https://doi.org/10.1186/s12985-015-0289-1"
"141","Hipposideros ruber","Hipposideridae","Nobecovirus","Africa","Cameroon, DR Congo, Guinea, Liberia, Republic of Congo, Rwanda, Senegal, Sierra Leone, Uganda","PREEMPT database http://data.predict.global/"
"142","Chaerephon pumilus","Molossidae","Nobecovirus","Africa","Rwanda, Tanzania, Uganda","Montecino-Latorre 2020 One Health Outlook https://doi.org/10.1186/s42522-019-0008-8"
"143","Chaerephon pumilus","Molossidae","Nobecovirus","Africa","Cameroon, DR Congo, Ethiopia, Guinea, Ivory Coast, Kenya, Republic of Congo, Rwanda, Sierra Leone, Tanzania, Uganda","PREEMPT database http://data.predict.global/"
"144","Mops condylurus","Molossidae","Nobecovirus","Africa, America, Asia","Cameroon, Gabon, Democratic Republic of Congo, Republic of Congo, Rwanda, Tanzania, Uganda, Peru, Bolivia, Brazil, Mexico, Bangladesh, Cambodia, China, Indonesia, Laos, Malaysia, Nepal, Thailand, Vietnam","Anthony 2017 Virus Evolution https://doi.org/10.1093/ve/vex012, PREEMPT database http://data.predict.global/"
"145","Mops condylurus","Molossidae","Nobecovirus","Africa","Cameroon","Ntumvi 2021 bioRxiv https://doi.org/10.1101/2021.09.03.458874"
"146","Acerodon celebensis","Pteropodidae","Nobecovirus","Africa","Indonesia","PREEMPT database http://data.predict.global/"
"147","Cynopterus brachyotis","Pteropodidae","Nobecovirus","Asia","Indonesia","Dharmayanti 2021 Journal of Veterinary Science https://doi.org/10.4142/jvs.2021.22.e70"
"148","Cynopterus brachyotis","Pteropodidae","Nobecovirus","Asia","Singapore","Lim 2019 J Gen Virol https://doi.org/10.1099/jgv.0.001307"
"149","Cynopterus brachyotis","Pteropodidae","Nobecovirus","Asia","Philippines","Tsuda 2012 Arch Virol https://doi.org/10.1007/s00705-012-1410-z"
"150","Cynopterus brachyotis","Pteropodidae","Nobecovirus","Asia","Philippines","Watanabe 2010 EID https://dx.doi.org/10.3201%2Feid1608.100208"
"151","Cynopterus horsfieldii","Pteropodidae","Nobecovirus","Asia","Lao PDR, Malaysia, Thailand, Vietnam","PREEMPT database http://data.predict.global/"
"152","Cynopterus sphinx","Pteropodidae","Nobecovirus","Asia","China","Han 2019 Frontiers in Microbiology https://www.frontiersin.org/articles/10.3389/fmicb.2019.01900/full"
"153","Cynopterus sphinx","Pteropodidae","Nobecovirus","Asia","Laos, Cambodia","Lacroix 2017 IGE https://doi.org/10.1016/j.meegid.2016.11.029"
"154","Cynopterus sphinx","Pteropodidae","Nobecovirus","Asia","China","Latinne 2020 Nature Communications https://www.nature.com/articles/s41467-020-17687-33"
"155","Cynopterus sphinx","Pteropodidae","Nobecovirus","Asia","Bangladesh, Cambodia, China, Lao PDR, Malaysia, Myanmar, Nepal, Thailand","PREEMPT database http://data.predict.global/"
"156","Cynopterus sphinx","Pteropodidae","Nobecovirus","Asia","Laos","Temmam 2021 Research Square https://doi.org/10.21203/rs.3.rs-871965/v1"
"157","Cynopterus sphinx","Pteropodidae","Nobecovirus","Asia","Thailand","Wacharapluesadee 2015 Virology Journal https://doi.org/10.1186/s12985-015-0289-1"
"158","Cynopterus sphinx","Pteropodidae","Nobecovirus","Asia","China","Xu 2016 Virologica Sinica https://doi.org/10.1007/s12250-016-3727-3"
"159","Dobsonia moluccensis","Pteropodidae","Nobecovirus","Asia","Indonesia","Anindita 2015 Archiv Virol https://doi.org/10.1007/s00705-015-2342-1"
"160","Dyacopterus spadiceus","Pteropodidae","Nobecovirus","Africa, America, Asia","Cameroon, Gabon, Democratic Republic of Congo, Republic of Congo, Rwanda, Tanzania, Uganda, Peru, Bolivia, Brazil, Mexico, Bangladesh, Cambodia, China, Indonesia, Laos, Malaysia, Nepal, Thailand, Vietnam","Anthony 2017 Virus Evolution https://doi.org/10.1093/ve/vex012"
"161","Eidolon dupreanum","Pteropodidae","Nobecovirus","Africa","Madagascar","Razanajatovo 2015 Virology J https://doi.org/10.1186/s12985-015-0271-y"
"162","Eidolon helvum","Pteropodidae","Nobecovirus","Africa, America, Asia","Cameroon, Gabon, Democratic Republic of Congo, Republic of Congo, Rwanda, Tanzania, Uganda, Peru, Bolivia, Brazil, Mexico, Bangladesh, Cambodia, China, Indonesia, Laos, Malaysia, Nepal, Thailand, Vietnam","Anthony 2017 Virus Evolution https://doi.org/10.1093/ve/vex012, PREEMPT database http://data.predict.global/"
"163","Eidolon helvum","Pteropodidae","Nobecovirus","Africa","Democratic Republic of the Congo, Republic of the Congo","Kumakamba 2021 PLoS ONE https://doi.org/10.1371/journal.pone.0236971"
"164","Eidolon helvum","Pteropodidae","Nobecovirus","Africa","Guinea","Lacroix 2020 Viruses http://dx.doi.org/10.3390/v12080855"
"165","Eidolon helvum","Pteropodidae","Nobecovirus","Africa","Nigeria","Leopardi 2016 Virus Genes https://doi.org/10.1007/s11262-016-1331-0"
"166","Eidolon helvum","Pteropodidae","Nobecovirus","Asia","Saudi Arabia","Mishra 2019 PLoS ONE https://dx.doi.org/10.1371%2Fjournal.pone.0214227"
"167","Eidolon helvum","Pteropodidae","Nobecovirus","Africa","Rwanda, Tanzania, Uganda","Montecino-Latorre 2020 One Health Outlook https://doi.org/10.1186/s42522-019-0008-8"
"168","Eidolon helvum","Pteropodidae","Nobecovirus","Africa","Cameroon","Ntumvi 2021 bioRxiv https://doi.org/10.1101/2021.09.03.458874"
"169","Eidolon helvum","Pteropodidae","Nobecovirus","Africa","Rwanda","Nziza 2019 EcoHealth https://doi.org/10.1007/s10393-019-01458-8"
"170","Eidolon helvum","Pteropodidae","Nobecovirus","Africa","Kenya","Tao 2017 J Virol https://doi.org/10.1128/JVI.01953-16"
"171","Eidolon helvum","Pteropodidae","Nobecovirus","Africa","Kenya","Tong 2009 EID https://dx.doi.org/10.3201%2Feid1503.081013"
"172","Eidolon helvum","Pteropodidae","Nobecovirus","Africa","Kenya","Waruhiu 2017 Vir Sinica https://doi.org/10.1007/s12250-016-3930-2"
"173","Eonycteris spelaea","Pteropodidae","Nobecovirus","Africa, America, Asia","Cameroon, Gabon, Democratic Republic of Congo, Republic of Congo, Rwanda, Tanzania, Uganda, Peru, Bolivia, Brazil, Mexico, Bangladesh, Cambodia, China, Indonesia, Laos, Malaysia, Nepal, Thailand, Vietnam","Anthony 2017 Virus Evolution https://doi.org/10.1093/ve/vex012, PREEMPT database http://data.predict.global/"
"174","Eonycteris spelaea","Pteropodidae","Nobecovirus","Asia","Laos, Cambodia","Lacroix 2017 IGE https://doi.org/10.1016/j.meegid.2016.11.029"
"175","Eonycteris spelaea","Pteropodidae","Nobecovirus","Asia","China","Latinne 2020 Nature Communications https://www.nature.com/articles/s41467-020-17687-33"
"176","Eonycteris spelaea","Pteropodidae","Nobecovirus","Asia","China","Luo 2018 Virologica Sinica https://doi.org/10.1007/s12250-018-0017-2"
"177","Eonycteris spelaea","Pteropodidae","Nobecovirus","Asia","Singapore","Mendenhall 2016 TED https://doi.org/10.1111/tbed.12568"
"178","Eonycteris spelaea","Pteropodidae","Nobecovirus","Asia","Singapore","Paskey 2020 Virus Evolution https://doi.org/10.1093/ve/veaa017"
"179","Eonycteris spelaea","Pteropodidae","Nobecovirus","Asia","Singapore","Paskey 2020 Viruses http://dx.doi.org/10.3390/v12050539"
"180","Eonycteris spelaea","Pteropodidae","Nobecovirus","Asia","Laos","Temmam 2021 Research Square https://doi.org/10.21203/rs.3.rs-871965/v1"
"181","Eonycteris spelaea","Pteropodidae","Nobecovirus","Asia","Philippines","Watanabe 2010 EID https://dx.doi.org/10.3201%2Feid1608.100208"
"182","Eonycteris spelaea","Pteropodidae","Nobecovirus","Asia","China","Wu 2021 Research Square https://doi.org/10.21203/rs.3.rs-885194/v1"
"183","Epomophorus gambianus","Pteropodidae","Nobecovirus","Africa, America, Asia","Cameroon, Gabon, Democratic Republic of Congo, Republic of Congo, Rwanda, Tanzania, Uganda, Peru, Bolivia, Brazil, Mexico, Bangladesh, Cambodia, China, Indonesia, Laos, Malaysia, Nepal, Thailand, Vietnam","Anthony 2017 Virus Evolution https://doi.org/10.1093/ve/vex012, PREEMPT database http://data.predict.global/"
"184","Epomophorus gambianus","Pteropodidae","Nobecovirus","Africa","Nigeria","Kia 2021 American Journal of Tropical Medicine and Hygiene https://doi.org/10.4269/ajtmh.19-0872"
"185","Epomophorus gambianus","Pteropodidae","Nobecovirus","Africa","Guinea","Lacroix 2020 Viruses http://dx.doi.org/10.3390/v12080855"
"186","Epomophorus gambianus","Pteropodidae","Nobecovirus","Africa","Cameroon","Ntumvi 2021 bioRxiv https://doi.org/10.1101/2021.09.03.458874"
"187","Epomophorus labiatus","Pteropodidae","Nobecovirus","Africa","Rwanda","Nziza 2019 EcoHealth https://doi.org/10.1007/s10393-019-01458-8"
"188","Epomophorus labiatus","Pteropodidae","Nobecovirus","Africa","Kenya","Tao 2017 J Virol https://doi.org/10.1128/JVI.01953-16"
"189","Epomops buettikoferi","Pteropodidae","Nobecovirus","Africa","Ghana, Guinea, Ivory Coast, Sierra Leone","PREEMPT database http://data.predict.global/"
"190","Epomops franqueti","Pteropodidae","Nobecovirus","Africa, America, Asia","Cameroon, Gabon, Democratic Republic of Congo, Republic of Congo, Rwanda, Tanzania, Uganda, Peru, Bolivia, Brazil, Mexico, Bangladesh, Cambodia, China, Indonesia, Laos, Malaysia, Nepal, Thailand, Vietnam","Anthony 2017 Virus Evolution https://doi.org/10.1093/ve/vex012, PREEMPT database http://data.predict.global/"
"191","Epomops franqueti","Pteropodidae","Nobecovirus","Africa","Democratic Republic of the Congo, Republic of the Congo","Kumakamba 2021 PLoS ONE https://doi.org/10.1371/journal.pone.0236971"
"192","Epomops franqueti","Pteropodidae","Nobecovirus","Africa","Cameroon","Ntumvi 2021 bioRxiv https://doi.org/10.1101/2021.09.03.458874"
"193","Lissonycteris angolensis","Pteropodidae","Nobecovirus","Africa","Guinea","Lacroix 2020 Viruses http://dx.doi.org/10.3390/v12080855"
"194","Macroglossus minimus","Pteropodidae","Nobecovirus","Asia","Indonesia","Dharmayanti 2021 Journal of Veterinary Science https://doi.org/10.4142/jvs.2021.22.e70"
"195","Macroglossus minimus","Pteropodidae","Nobecovirus","Asia","Philippines","Tampon 2020 Philippine Journal of Science http://philjournalsci.dost.gov.ph/96-next-issue/vol-149-no-1-march-2020/1160-first-molecular-evidence-for-bat-betacoronavirus-in-mindanao"
"196","Macroglossus minimus","Pteropodidae","Nobecovirus","Asia","Philippines","Tsuda 2012 Arch Virol https://doi.org/10.1007/s00705-012-1410-z"
"197","Megaerops ecaudatus","Pteropodidae","Nobecovirus","Asia","Malaysia","PREEMPT database http://data.predict.global/"
"198","Megaerops kusnotoi","Pteropodidae","Nobecovirus","Asia","China","Xu 2016 Virologica Sinica https://doi.org/10.1007/s12250-016-3727-3"
"199","Megaerops niphanae","Pteropodidae","Nobecovirus","Asia","Laos, Cambodia","Lacroix 2017 IGE https://doi.org/10.1016/j.meegid.2016.11.029"
"200","Megaloglossus woermanni","Pteropodidae","Nobecovirus","Africa, America, Asia","Cameroon, Gabon, Democratic Republic of Congo, Republic of Congo, Rwanda, Tanzania, Uganda, Peru, Bolivia, Brazil, Mexico, Bangladesh, Cambodia, China, Indonesia, Laos, Malaysia, Nepal, Thailand, Vietnam","Anthony 2017 Virus Evolution https://doi.org/10.1093/ve/vex012, PREEMPT database http://data.predict.global/"
"201","Megaloglossus woermanni","Pteropodidae","Nobecovirus","Africa","Democratic Republic of the Congo, Republic of the Congo","Kumakamba 2021 PLoS ONE https://doi.org/10.1371/journal.pone.0236971"
"202","Megaloglossus woermanni","Pteropodidae","Nobecovirus","Africa","Cameroon","Ntumvi 2021 bioRxiv https://doi.org/10.1101/2021.09.03.458874"
"203","Micropteropus pusillus","Pteropodidae","Nobecovirus","Africa, America, Asia","Cameroon, Gabon, Democratic Republic of Congo, Republic of Congo, Rwanda, Tanzania, Uganda, Peru, Bolivia, Brazil, Mexico, Bangladesh, Cambodia, China, Indonesia, Laos, Malaysia, Nepal, Thailand, Vietnam","Anthony 2017 Virus Evolution https://doi.org/10.1093/ve/vex012, PREEMPT database http://data.predict.global/"
"204","Micropteropus pusillus","Pteropodidae","Nobecovirus","Africa","Democratic Republic of the Congo, Republic of the Congo","Kumakamba 2021 PLoS ONE https://doi.org/10.1371/journal.pone.0236971"
"205","Micropteropus pusillus","Pteropodidae","Nobecovirus","Africa","Gabon","Maganga 2014 PLoS ONE https://dx.doi.org/10.1371%2Fjournal.pone.0100172"
"206","Micropteropus pusillus","Pteropodidae","Nobecovirus","Africa","Cameroon","Ntumvi 2021 bioRxiv https://doi.org/10.1101/2021.09.03.458874"
"207","Myonycteris angolensis","Pteropodidae","Nobecovirus","Africa, America, Asia","Cameroon, Gabon, Democratic Republic of Congo, Republic of Congo, Rwanda, Tanzania, Uganda, Peru, Bolivia, Brazil, Mexico, Bangladesh, Cambodia, China, Indonesia, Laos, Malaysia, Nepal, Thailand, Vietnam","Anthony 2017 Virus Evolution https://doi.org/10.1093/ve/vex012, PREEMPT database http://data.predict.global/"
"208","Myonycteris angolensis","Pteropodidae","Nobecovirus","Africa","Rwanda","Nziza 2019 EcoHealth https://doi.org/10.1007/s10393-019-01458-8"
"209","Myonycteris torquata","Pteropodidae","Nobecovirus","Africa","Cameroon","Ntumvi 2021 bioRxiv https://doi.org/10.1101/2021.09.03.458874"
"210","Myonycteris torquata","Pteropodidae","Nobecovirus","Africa","Cameroon, DR Congo, Gabon, Republic of Congo","PREEMPT database http://data.predict.global/"
"211","Nanonycteris veldkampii","Pteropodidae","Nobecovirus","Africa","Guinea","Lacroix 2020 Viruses http://dx.doi.org/10.3390/v12080855"
"212","Ptenochirus jagori","Pteropodidae","Nobecovirus","Asia","Philippines","Tsuda 2012 Arch Virol https://doi.org/10.1007/s00705-012-1410-z"
"213","Ptenochirus jagori","Pteropodidae","Nobecovirus","Asia","Philippines","Watanabe 2010 EID https://dx.doi.org/10.3201%2Feid1608.100208"
"214","Pteropus alecto","Pteropodidae","Nobecovirus","Africa, America, Asia","Cameroon, Gabon, Democratic Republic of Congo, Republic of Congo, Rwanda, Tanzania, Uganda, Peru, Bolivia, Brazil, Mexico, Bangladesh, Cambodia, China, Indonesia, Laos, Malaysia, Nepal, Thailand, Vietnam","Anthony 2017 Virus Evolution https://doi.org/10.1093/ve/vex012"
"215","Pteropus alecto","Pteropodidae","Nobecovirus","Asia","Indonesia","Febriani 2018 IJTVBR https://doi.org/10.21157/ijtvbr.v3i2.12359"
"216","Pteropus alecto","Pteropodidae","Nobecovirus","Asia, Oceania","Australia, Indonesia, Papua New Guinea","Smith 2016 EcoHealth https://doi.org/10.1007/s10393-016-1116-x"
"217","Pteropus conspicillatus","Pteropodidae","Nobecovirus","Asia","Indonesia","PREEMPT database http://data.predict.global/"
"218","Pteropus giganteus","Pteropodidae","Nobecovirus","Africa, America, Asia","Cameroon, Gabon, Democratic Republic of Congo, Republic of Congo, Rwanda, Tanzania, Uganda, Peru, Bolivia, Brazil, Mexico, Bangladesh, Cambodia, China, Indonesia, Laos, Malaysia, Nepal, Thailand, Vietnam","Anthony 2017 Virus Evolution https://doi.org/10.1093/ve/vex012, PREEMPT database http://data.predict.global/"
"219","Pteropus lylei","Pteropodidae","Nobecovirus","Asia","Cambodia, Thailand, Vietnam","PREEMPT database http://data.predict.global/"
"220","Pteropus lylei","Pteropodidae","Nobecovirus","Asia","Thailand","Wacharapluesadee 2018 Virology Journal https://doi.org/10.1186/s12985-018-0950-6"
"221","Pteropus medius","Pteropodidae","Nobecovirus","Asia","Bangladesh","Anthony 2013 mBio https://doi.org/10.1128/mBio.00598-13"
"222","Pteropus medius","Pteropodidae","Nobecovirus","Asia","Sri Lanka","Kudagammana 2018 TED https://doi.org/10.1111/tbed.12851"
"223","Pteropus medius","Pteropodidae","Nobecovirus","Asia","India","Yadav 2020 Indian Journal of Medical Research https://doi.org/https://doi.org/10.4103/ijmr.IJMR_795_20"
"224","Pteropus rufus","Pteropodidae","Nobecovirus","Africa","Madagascar","Razanajatovo 2015 Virology J https://doi.org/10.1186/s12985-015-0271-y"
"225","Rousettus aegyptiacus","Pteropodidae","Nobecovirus","Africa, America, Asia","Cameroon, Gabon, Democratic Republic of Congo, Republic of Congo, Rwanda, Tanzania, Uganda, Peru, Bolivia, Brazil, Mexico, Bangladesh, Cambodia, China, Indonesia, Laos, Malaysia, Nepal, Thailand, Vietnam","Anthony 2017 Virus Evolution https://doi.org/10.1093/ve/vex012, PREEMPT database http://data.predict.global/"
"226","Rousettus aegyptiacus","Pteropodidae","Nobecovirus","Africa","Guinea","Lacroix 2020 Viruses http://dx.doi.org/10.3390/v12080855"
"227","Rousettus aegyptiacus","Pteropodidae","Nobecovirus","Africa","Rwanda, Tanzania, Uganda","Montecino-Latorre 2020 One Health Outlook https://doi.org/10.1186/s42522-019-0008-8"
"228","Rousettus aegyptiacus","Pteropodidae","Nobecovirus","Africa","Cameroon","Ntumvi 2021 bioRxiv https://doi.org/10.1101/2021.09.03.458874"
"229","Rousettus aegyptiacus","Pteropodidae","Nobecovirus","Africa","Rwanda","Nziza 2019 EcoHealth https://doi.org/10.1007/s10393-019-01458-8"
"230","Rousettus aegyptiacus","Pteropodidae","Nobecovirus","Asia, Africa","Lebanon, Egypt","Shehata 2016 EID https://dx.doi.org/10.3201%2Feid2201.151397"
"231","Rousettus aegyptiacus","Pteropodidae","Nobecovirus","Africa","Kenya","Tao 2017 J Virol https://doi.org/10.1128/JVI.01953-16"
"232","Rousettus aegyptiacus","Pteropodidae","Nobecovirus","Africa","Kenya","Tong 2009 EID https://dx.doi.org/10.3201%2Feid1503.081013"
"233","Rousettus aegyptiacus","Pteropodidae","Nobecovirus","Africa","Kenya","Waruhiu 2017 Vir Sinica https://doi.org/10.1007/s12250-016-3930-2"
"234","Rousettus amplexicaudatus","Pteropodidae","Nobecovirus","Africa, America, Asia","Cameroon, Gabon, Democratic Republic of Congo, Republic of Congo, Rwanda, Tanzania, Uganda, Peru, Bolivia, Brazil, Mexico, Bangladesh, Cambodia, China, Indonesia, Laos, Malaysia, Nepal, Thailand, Vietnam","Anthony 2017 Virus Evolution https://doi.org/10.1093/ve/vex012"
"235","Rousettus amplexicaudatus","Pteropodidae","Nobecovirus","Asia","Indonesia","Dharmayanti 2021 Journal of Veterinary Science https://doi.org/10.4142/jvs.2021.22.e70"
"236","Rousettus amplexicaudatus","Pteropodidae","Nobecovirus","Asia","Laos, Cambodia","Lacroix 2017 IGE https://doi.org/10.1016/j.meegid.2016.11.029"
"237","Rousettus amplexicaudatus","Pteropodidae","Nobecovirus","Asia","Philippines","Tsuda 2012 Arch Virol https://doi.org/10.1007/s00705-012-1410-z"
"238","Rousettus amplexicaudatus","Pteropodidae","Nobecovirus","Asia","Philippines","Watanabe 2010 EID https://dx.doi.org/10.3201%2Feid1608.100208"
"239","Rousettus leschenaultii","Pteropodidae","Nobecovirus","Africa, America, Asia","Cameroon, Gabon, Democratic Republic of Congo, Republic of Congo, Rwanda, Tanzania, Uganda, Peru, Bolivia, Brazil, Mexico, Bangladesh, Cambodia, China, Indonesia, Laos, Malaysia, Nepal, Thailand, Vietnam","Anthony 2017 Virus Evolution https://doi.org/10.1093/ve/vex012, PREEMPT database http://data.predict.global/"
"240","Rousettus leschenaultii","Pteropodidae","Nobecovirus","Asia","China","Huang 2016 PLoS Path https://dx.doi.org/10.1371%2Fjournal.ppat.1005883"
"241","Rousettus leschenaultii","Pteropodidae","Nobecovirus","Asia","Laos, Cambodia","Lacroix 2017 IGE https://doi.org/10.1016/j.meegid.2016.11.029"
"242","Rousettus leschenaultii","Pteropodidae","Nobecovirus","Asia","China","Lau 2010 Journal of Virology https://doi.org/10.1128/JVI.01121-10"
"243","Rousettus leschenaultii","Pteropodidae","Nobecovirus","Asia","China","Lau 2015 Journal of Virology https://doi.org/10.1128/JVI.01048-15"
"244","Rousettus leschenaultii","Pteropodidae","Nobecovirus","Asia","China","Lau 2021 Hong Kong Medical Journal https://www.hkmj.org/abstracts/v27 Suppl 2n3/23.htm"
"245","Rousettus leschenaultii","Pteropodidae","Nobecovirus","Asia","China","Luo 2018 Virologica Sinica https://doi.org/10.1007/s12250-018-0017-2"
"246","Rousettus leschenaultii","Pteropodidae","Nobecovirus","Asia","Sri Lanka","Muzeniek 2021 Vaccines https://doi.org/10.3390/vaccines9060650"
"247","Rousettus leschenaultii","Pteropodidae","Nobecovirus","Asia","China","Obameso 2017 Sci China Life Sci https://doi.org/10.1007/s11427-017-9263-6"
"248","Rousettus leschenaultii","Pteropodidae","Nobecovirus","Asia","China","Woo 2007 J Virol https://doi.org/10.1128/JVI.02182-06"
"249","Rousettus leschenaultii","Pteropodidae","Nobecovirus","Asia","China","Wu 2021 Research Square https://doi.org/10.21203/rs.3.rs-885194/v1"
"250","Rousettus leschenaultii","Pteropodidae","Nobecovirus","Asia","China","Xu 2016 Virologica Sinica https://doi.org/10.1007/s12250-016-3727-3"
"251","Rousettus madagascariensis","Pteropodidae","Nobecovirus","Africa","Madagascar","Joffrin 2020 Sci Rep https://doi.org/10.1038/s41598-020-63799-7"
"252","Rhinolophus ferrumequinum","Rhinolophidae","Nobecovirus","Asia","Lebanon","Shehata 2016 EID https://dx.doi.org/10.3201%2Feid2201.151397"
"253","Rhinolophus rufus","Rhinolophidae","Nobecovirus","Asia","Philippines","Tsuda 2012 Arch Virol https://doi.org/10.1007/s00705-012-1410-z"
"254","Rhinolophus sinicus","Rhinolophidae","Nobecovirus","Asia","China","PREEMPT database http://data.predict.global/"
"255","Triaenops persicus","Rhinonycteridae","Nobecovirus","Africa, America, Asia","Cameroon, Gabon, Democratic Republic of Congo, Republic of Congo, Rwanda, Tanzania, Uganda, Peru, Bolivia, Brazil, Mexico, Bangladesh, Cambodia, China, Indonesia, Laos, Malaysia, Nepal, Thailand, Vietnam","Anthony 2017 Virus Evolution https://doi.org/10.1093/ve/vex012"
"256","Triaenops persicus","Rhinonycteridae","Nobecovirus","Africa","Rwanda, Tanzania, Uganda","Montecino-Latorre 2020 One Health Outlook https://doi.org/10.1186/s42522-019-0008-8"
"257","Rhinopoma hardwickii","Rhinopomatidae","Nobecovirus","Africa, Asia","Jordan, Ethiopia","PREEMPT database http://data.predict.global/"
"258","Glauconycteris variegata","Vespertilionidae","Nobecovirus","Africa","DR Congo, Guinea, South Sudan","PREEMPT database http://data.predict.global/"
"259","Myotis horsfieldii","Vespertilionidae","Nobecovirus","Asia","China","Latinne 2020 Nature Communications https://www.nature.com/articles/s41467-020-17687-33"
"260","Neoromicia somalica","Vespertilionidae","Nobecovirus","Africa","Guinea, Ivory Coast, Sierra Leone","PREEMPT database http://data.predict.global/"
"261","Pipistrellus abramus","Vespertilionidae","Nobecovirus","Asia","China","Latinne 2020 Nature Communications https://www.nature.com/articles/s41467-020-17687-33"
"262","Pipistrellus deserti","Vespertilionidae","Nobecovirus","Africa","Egypt","Shehata 2016 EID https://dx.doi.org/10.3201%2Feid2201.151397"
"263","Scotophilus dinganii","Vespertilionidae","Nobecovirus","Africa, America, Asia","Cameroon, Gabon, Democratic Republic of Congo, Republic of Congo, Rwanda, Tanzania, Uganda, Peru, Bolivia, Brazil, Mexico, Bangladesh, Cambodia, China, Indonesia, Laos, Malaysia, Nepal, Thailand, Vietnam","Anthony 2017 Virus Evolution https://doi.org/10.1093/ve/vex012"
"264","Scotophilus dinganii","Vespertilionidae","Nobecovirus","Africa","Cameroon","Ntumvi 2021 bioRxiv https://doi.org/10.1101/2021.09.03.458874"
"265","Scotophilus heathii","Vespertilionidae","Nobecovirus","Asia","Thailand","Wacharapluesadee 2015 Virology Journal https://doi.org/10.1186/s12985-015-0289-1"
"266","Scotophilus kuhlii","Vespertilionidae","Nobecovirus","Asia","Thailand","Wacharapluesadee 2015 Virology Journal https://doi.org/10.1186/s12985-015-0289-1"
"267","Scotophilus leucogaster","Vespertilionidae","Nobecovirus","Africa, America, Asia","Cameroon, Gabon, Democratic Republic of Congo, Republic of Congo, Rwanda, Tanzania, Uganda, Peru, Bolivia, Brazil, Mexico, Bangladesh, Cambodia, China, Indonesia, Laos, Malaysia, Nepal, Thailand, Vietnam","Anthony 2017 Virus Evolution https://doi.org/10.1093/ve/vex012"
"268","Scotophilus leucogaster","Vespertilionidae","Nobecovirus","Africa","Cameroon","Ntumvi 2021 bioRxiv https://doi.org/10.1101/2021.09.03.458874"
"269","Aselliscus stoliczkanus","Hipposideridae","Rhinacovirus","Asia","China, Laos","PREEMPT database http://data.predict.global/"
"270","Hipposideros armiger","Hipposideridae","Rhinacovirus","Asia","China","Latinne 2020 Nature Communications https://www.nature.com/articles/s41467-020-17687-33"
"271","Hipposideros armiger","Hipposideridae","Rhinacovirus","Asia","China","Wu 2021 Research Square https://doi.org/10.21203/rs.3.rs-885194/v1"
"272","Hipposideros cineraceus","Hipposideridae","Rhinacovirus","Asia","China","Xu 2016 Virologica Sinica https://doi.org/10.1007/s12250-016-3727-3"
"273","Hipposideros larvatus","Hipposideridae","Rhinacovirus","Asia","China","Wu 2021 Research Square https://doi.org/10.21203/rs.3.rs-885194/v1"
"274","Hipposideros pomona","Hipposideridae","Rhinacovirus","Asia","China","Latinne 2020 Nature Communications https://www.nature.com/articles/s41467-020-17687-33"
"275","Hipposideros pomona","Hipposideridae","Rhinacovirus","Asia","China","Wu 2021 Research Square https://doi.org/10.21203/rs.3.rs-885194/v1"
"276","Hipposideros pratti","Hipposideridae","Rhinacovirus","Asia","China","Latinne 2020 Nature Communications https://www.nature.com/articles/s41467-020-17687-33"
"277","Miniopterus schreibersii","Miniopteridae","Rhinacovirus","Asia","China","Latinne 2020 Nature Communications https://www.nature.com/articles/s41467-020-17687-33"
"278","Rhinolophus affinis","Rhinolophidae","Rhinacovirus","Asia","China","Ge 2016 Virologica Sinica https://doi.org/10.1007/s12250-016-3713-9"
"279","Rhinolophus affinis","Rhinolophidae","Rhinacovirus","Asia","China","Latinne 2020 Nature Communications https://www.nature.com/articles/s41467-020-17687-33"
"280","Rhinolophus affinis","Rhinolophidae","Rhinacovirus","Asia","Cambodia, China, Laos, Malaysia","PREEMPT database http://data.predict.global/"
"281","Rhinolophus affinis","Rhinolophidae","Rhinacovirus","Asia","Laos","Temmam 2021 Research Square https://doi.org/10.21203/rs.3.rs-871965/v1"
"282","Rhinolophus affinis","Rhinolophidae","Rhinacovirus","Asia","China","Wang 2019 Viruses https://doi.org/10.3390/v11040379"
"283","Rhinolophus affinis","Rhinolophidae","Rhinacovirus","Asia","China","Wu 2021 Research Square https://doi.org/10.21203/rs.3.rs-885194/v1"
"284","Rhinolophus affinis","Rhinolophidae","Rhinacovirus","Asia","China","Zhou 2018 Nature https://doi.org/10.1038/s41586-018-0010-9"
"285","Rhinolophus blasii","Rhinolophidae","Rhinacovirus","Europe","Bulgaria","Drexler 2010 Journal of Virology https://doi.org/10.1128/JVI.00650-10"
"286","Rhinolophus cf. alcyone","Rhinolophidae","Rhinacovirus","Africa","Cameroon","Ntumvi 2021 bioRxiv https://doi.org/10.1101/2021.09.03.458874"
"287","Rhinolophus clivosus","Rhinolophidae","Rhinacovirus","Africa, America, Asia","Cameroon, Gabon, Democratic Republic of Congo, Republic of Congo, Rwanda, Tanzania, Uganda, Peru, Bolivia, Brazil, Mexico, Bangladesh, Cambodia, China, Indonesia, Laos, Malaysia, Nepal, Thailand, Vietnam","Anthony 2017 Virus Evolution https://doi.org/10.1093/ve/vex012"
"288","Rhinolophus euryale","Rhinolophidae","Rhinacovirus","Europe","Bulgaria","Drexler 2010 Journal of Virology https://doi.org/10.1128/JVI.00650-10"
"289","Rhinolophus ferrumequinum","Rhinolophidae","Rhinacovirus","Asia","China","Tang 2006 J Virol https://doi.org/10.1128/JVI.00697-06"
"290","Rhinolophus ferrumequinum","Rhinolophidae","Rhinacovirus","Asia","China","Wu 2015 ISME J https://doi.org/10.1038/ismej.2015.138"
"291","Rhinolophus lobatus","Rhinolophidae","Rhinacovirus","Africa","Mozambique","Joffrin 2020 Sci Rep https://doi.org/10.1038/s41598-020-63799-7"
"292","Rhinolophus macrotis","Rhinolophidae","Rhinacovirus","Asia","China","Latinne 2020 Nature Communications https://www.nature.com/articles/s41467-020-17687-33"
"293","Rhinolophus macrotis","Rhinolophidae","Rhinacovirus","Asia","China","Wang 2019 Viruses https://doi.org/10.3390/v11040379"
"294","Rhinolophus malayanus","Rhinolophidae","Rhinacovirus","Asia","China","Wu 2021 Research Square https://doi.org/10.21203/rs.3.rs-885194/v1"
"295","Rhinolophus pearsonii","Rhinolophidae","Rhinacovirus","Asia","China","Tang 2006 J Virol https://doi.org/10.1128/JVI.00697-06"
"296","Rhinolophus pearsonii","Rhinolophidae","Rhinacovirus","Asia","China","Wu 2021 Research Square https://doi.org/10.21203/rs.3.rs-885194/v1"
"297","Rhinolophus pusillus","Rhinolophidae","Rhinacovirus","Asia","China","Latinne 2020 Nature Communications https://www.nature.com/articles/s41467-020-17687-33"
"298","Rhinolophus pusillus","Rhinolophidae","Rhinacovirus","Asia","Cambodia, China, Malaysia","PREEMPT database http://data.predict.global/"
"299","Rhinolophus pusillus","Rhinolophidae","Rhinacovirus","Asia","China","Wang 2019 Viruses https://doi.org/10.3390/v11040379"
"300","Rhinolophus pusillus","Rhinolophidae","Rhinacovirus","Asia","China","Wu 2021 Research Square https://doi.org/10.21203/rs.3.rs-885194/v1"
"301","Rhinolophus pusillus","Rhinolophidae","Rhinacovirus","Asia","China","Zhou 2018 Nature https://doi.org/10.1038/s41586-018-0010-9"
"302","Rhinolophus rex","Rhinolophidae","Rhinacovirus","Asia","China","Zhou 2018 Nature https://doi.org/10.1038/s41586-018-0010-9"
"303","Rhinolophus rhodesiae","Rhinolophidae","Rhinacovirus","Africa","Mozambique","Joffrin 2020 Sci Rep https://doi.org/10.1038/s41598-020-63799-7"
"304","Rhinolophus shameli","Rhinolophidae","Rhinacovirus","Asia","Thailand","Wacharapluesadee 2015 Virology Journal https://doi.org/10.1186/s12985-015-0289-1"
"305","Rhinolophus shameli","Rhinolophidae","Rhinacovirus","Asia","China","Wang 2019 Viruses https://doi.org/10.3390/v11040379"
"306","Rhinolophus sinicus","Rhinolophidae","Rhinacovirus","Asia","China","Ge 2016 Virologica Sinica https://doi.org/10.1007/s12250-016-3713-9"
"307","Rhinolophus sinicus","Rhinolophidae","Rhinacovirus","Asia","China","Latinne 2020 Nature Communications https://www.nature.com/articles/s41467-020-17687-33"
"308","Rhinolophus sinicus","Rhinolophidae","Rhinacovirus","Asia","China","Lau 2007 Virology https://doi.org/10.1016/j.virol.2007.06.009"
"309","Rhinolophus sinicus","Rhinolophidae","Rhinacovirus","Asia","China","PREEMPT database http://data.predict.global/"
"310","Rhinolophus sinicus","Rhinolophidae","Rhinacovirus","Asia","China","Woo 2006 Virology https://doi.org/10.1016/j.virol.2006.02.041"
"311","Rhinolophus sinicus","Rhinolophidae","Rhinacovirus","Asia","China","Woo 2007 J Virol https://doi.org/10.1128/JVI.02182-06"
"312","Rhinolophus sinicus","Rhinolophidae","Rhinacovirus","Asia","China","Wu 2021 Research Square https://doi.org/10.21203/rs.3.rs-885194/v1"
"313","Rhinolophus sinicus","Rhinolophidae","Rhinacovirus","Asia","China","Xu 2016 Virologica Sinica https://doi.org/10.1007/s12250-016-3727-3"
"314","Rhinolophus sinicus","Rhinolophidae","Rhinacovirus","Asia","China","Zhou 2018 Nature https://doi.org/10.1038/s41586-018-0010-9"
"315","Rhinolophus stheno","Rhinolophidae","Rhinacovirus","Asia","China","Lau 2015 Journal of Virology https://doi.org/10.1128/JVI.01048-15"
"316","Rhinolophus stheno","Rhinolophidae","Rhinacovirus","Asia","China","Zhou 2021 Cell https://doi.org/10.1016/j.cell.2021.06.008"
"317","Rhinolophus thomasi","Rhinolophidae","Rhinacovirus","Asia","China","PREEMPT database http://data.predict.global/"
"318","Myotis daubentonii","Vespertilionidae","Rhinacovirus","Asia","China","Lau 2015 Journal of Virology https://doi.org/10.1128/JVI.01048-15"
"319","Myotis laniger","Vespertilionidae","Rhinacovirus","Asia","China","Zhou 2021 Cell https://doi.org/10.1016/j.cell.2021.06.008"
"320","Myotis ricketti","Vespertilionidae","Rhinacovirus","Asia","China","Wu 2021 Research Square https://doi.org/10.21203/rs.3.rs-885194/v1"
"321","Myotis siligorensis","Vespertilionidae","Rhinacovirus","Asia","China, Laos","PREEMPT database http://data.predict.global/"
"322","Tylonycteris pachypus","Vespertilionidae","Rhinacovirus","Asia","China","Wu 2021 Research Square https://doi.org/10.21203/rs.3.rs-885194/v1"
"323","Tylonycteris robustula","Vespertilionidae","Rhinacovirus","Asia","China","Wu 2021 Research Square https://doi.org/10.21203/rs.3.rs-885194/v1"
"324","Aselliscus stoliczkanus","Hipposideridae","Sarbecovirus","Asia","China","Hu 2017 PLoS Pathog https://doi.org/10.1371/journal.ppat.1006698"
"325","Aselliscus stoliczkanus","Hipposideridae","Sarbecovirus","Asia","China","Latinne 2020 Nature Communications https://www.nature.com/articles/s41467-020-17687-33"
"326","Hipposideros armiger","Hipposideridae","Sarbecovirus","Africa, America, Asia","Cameroon, Gabon, Democratic Republic of Congo, Republic of Congo, Rwanda, Tanzania, Uganda, Peru, Bolivia, Brazil, Mexico, Bangladesh, Cambodia, China, Indonesia, Laos, Malaysia, Nepal, Thailand, Vietnam","Anthony 2017 Virus Evolution https://doi.org/10.1093/ve/vex012"
"327","Hipposideros armiger","Hipposideridae","Sarbecovirus","Asia","China","Latinne 2020 Nature Communications https://www.nature.com/articles/s41467-020-17687-33"
"328","Hipposideros caffer","Hipposideridae","Sarbecovirus","Africa, America, Asia","Cameroon, Gabon, Democratic Republic of Congo, Republic of Congo, Rwanda, Tanzania, Uganda, Peru, Bolivia, Brazil, Mexico, Bangladesh, Cambodia, China, Indonesia, Laos, Malaysia, Nepal, Thailand, Vietnam","Anthony 2017 Virus Evolution https://doi.org/10.1093/ve/vex012"
"329","Hipposideros caffer","Hipposideridae","Sarbecovirus","Africa","Kenya","Waruhiu 2017 Vir Sinica https://doi.org/10.1007/s12250-016-3930-2"
"330","Hipposideros galeritus","Hipposideridae","Sarbecovirus","Africa, America, Asia","Cameroon, Gabon, Democratic Republic of Congo, Republic of Congo, Rwanda, Tanzania, Uganda, Peru, Bolivia, Brazil, Mexico, Bangladesh, Cambodia, China, Indonesia, Laos, Malaysia, Nepal, Thailand, Vietnam","Anthony 2017 Virus Evolution https://doi.org/10.1093/ve/vex012"
"331","Hipposideros larvatus","Hipposideridae","Sarbecovirus","Asia","Thailand","Wacharapluesadee 2015 Virology Journal https://doi.org/10.1186/s12985-015-0289-1"
"332","Hipposideros pomona","Hipposideridae","Sarbecovirus","Asia","China","Latinne 2020 Nature Communications https://www.nature.com/articles/s41467-020-17687-33"
"333","Hipposideros pratti","Hipposideridae","Sarbecovirus","Asia","China","Latinne 2020 Nature Communications https://www.nature.com/articles/s41467-020-17687-33"
"334","Hipposideros ruber","Hipposideridae","Sarbecovirus","Africa","Rwanda","Nziza 2019 EcoHealth https://doi.org/10.1007/s10393-019-01458-8"
"335","Miniopterus schreibersii","Miniopteridae","Sarbecovirus","Asia","Cameroon, China, Jordan, Liberia, Malaysia, Thailand","PREEMPT database http://data.predict.global/"
"336","Chaerephon plicatus","Molossidae","Sarbecovirus","Asia","China","Wu 2015 ISME J https://doi.org/10.1038/ismej.2015.138"
"337","Chaerephon plicatus","Molossidae","Sarbecovirus","Asia","China","Yang 2013 EID https://dx.doi.org/10.3201%2Feid1906.121648"
"338","Tadarida teniotis","Molossidae","Sarbecovirus","Europe","Italy","Lecis 2018 Virus Genes https://doi.org/10.1007/s11262-018-1614-8"
"339","Rhinolophus acuminatus","Rhinolophidae","Sarbecovirus","Asia","Thailand","Wacharapluesadee 2021 Nature Communications https://doi.org/10.1038/s41467-021-21240-1"
"340","Rhinolophus affinis","Rhinolophidae","Sarbecovirus","Asia","China","Ge 2016 Virologica Sinica https://doi.org/10.1007/s12250-016-3713-9"
"341","Rhinolophus affinis","Rhinolophidae","Sarbecovirus","Asia","China","Guo 2021 bioRxiv https://doi.org/10.1101/2021.05.21.445091"
"342","Rhinolophus affinis","Rhinolophidae","Sarbecovirus","Asia","China","Hu 2017 PLoS Pathog https://doi.org/10.1371/journal.ppat.1006698"
"343","Rhinolophus affinis","Rhinolophidae","Sarbecovirus","Asia","China","Latinne 2020 Nature Communications https://www.nature.com/articles/s41467-020-17687-33"
"344","Rhinolophus affinis","Rhinolophidae","Sarbecovirus","Asia","Cambodia, China, Laos, Malaysia","PREEMPT database http://data.predict.global/"
"345","Rhinolophus affinis","Rhinolophidae","Sarbecovirus","Asia","China","Wang 2019 Viruses https://doi.org/10.3390/v11040379"
"346","Rhinolophus affinis","Rhinolophidae","Sarbecovirus","Asia","China","Wu 2021 Research Square https://doi.org/10.21203/rs.3.rs-885194/v1"
"347","Rhinolophus affinis","Rhinolophidae","Sarbecovirus","Asia","China","Zhou 2020 Nature https://www.nature.com/articles/s41586-020-2012-7?rel=outboundd"
"348","Rhinolophus blasii","Rhinolophidae","Sarbecovirus","Europe","Bulgaria","Drexler 2010 Journal of Virology https://doi.org/10.1128/JVI.00650-10"
"349","Rhinolophus cf. clivosus","Rhinolophidae","Sarbecovirus","Africa","Rwanda, Tanzania, Uganda","Montecino-Latorre 2020 One Health Outlook https://doi.org/10.1186/s42522-019-0008-8"
"350","Rhinolophus cf. clivosus","Rhinolophidae","Sarbecovirus","Africa","Rwanda, Uganda","Wells 2021 Virus Evolution https://doi.org/10.1093/ve/veab007"
"351","Rhinolophus clivosus","Rhinolophidae","Sarbecovirus","Africa, America, Asia","Cameroon, Gabon, Democratic Republic of Congo, Republic of Congo, Rwanda, Tanzania, Uganda, Peru, Bolivia, Brazil, Mexico, Bangladesh, Cambodia, China, Indonesia, Laos, Malaysia, Nepal, Thailand, Vietnam","Anthony 2017 Virus Evolution https://doi.org/10.1093/ve/vex012"
"352","Rhinolophus clivosus","Rhinolophidae","Sarbecovirus","Africa","Rwanda","Markotter 2019 TMID https://doi.org/10.3390/tropicalmed4030099"
"353","Rhinolophus clivosus","Rhinolophidae","Sarbecovirus","Africa","Rwanda","Nziza 2019 EcoHealth https://doi.org/10.1007/s10393-019-01458-8"
"354","Rhinolophus cornutus","Rhinolophidae","Sarbecovirus","Asia","China","Murakami 2020 Emerging Infectious Diseases https://doi.org/10.3201/eid2612.203386"
"355","Rhinolophus cornutus","Rhinolophidae","Sarbecovirus","Asia","Japan","Suzuki 2014 JVMS https://doi.org/10.1292/jvms.14-0012"
"356","Rhinolophus creaghi","Rhinolophidae","Sarbecovirus","Africa, America, Asia","Cameroon, Gabon, Democratic Republic of Congo, Republic of Congo, Rwanda, Tanzania, Uganda, Peru, Bolivia, Brazil, Mexico, Bangladesh, Cambodia, China, Indonesia, Laos, Malaysia, Nepal, Thailand, Vietnam","Anthony 2017 Virus Evolution https://doi.org/10.1093/ve/vex012"
"357","Rhinolophus euryale","Rhinolophidae","Sarbecovirus","Europe","Bulgaria","Drexler 2010 Journal of Virology https://doi.org/10.1128/JVI.00650-10"
"358","Rhinolophus euryale","Rhinolophidae","Sarbecovirus","Europe","Hungary","Kemenesi 2014 VBZD https://doi.org/10.1089/vbz.2014.1637"
"359","Rhinolophus ferrumequinum","Rhinolophidae","Sarbecovirus","Europe","Russia","Alkhovsky 2021 bioRxiv https://doi.org/10.1101/2021.05.17.444362"
"360","Rhinolophus ferrumequinum","Rhinolophidae","Sarbecovirus","Africa, America, Asia","Cameroon, Gabon, Democratic Republic of Congo, Republic of Congo, Rwanda, Tanzania, Uganda, Peru, Bolivia, Brazil, Mexico, Bangladesh, Cambodia, China, Indonesia, Laos, Malaysia, Nepal, Thailand, Vietnam","Anthony 2017 Virus Evolution https://doi.org/10.1093/ve/vex012"
"361","Rhinolophus ferrumequinum","Rhinolophidae","Sarbecovirus","Europe","France","Ar Gouilh 2018 Virology https://doi.org/10.1016/j.virol.2018.01.014"
"362","Rhinolophus ferrumequinum","Rhinolophidae","Sarbecovirus","Europe","Italy","Balboni 2011 Epidemiol Infect https://doi.org/10.1017/S0950268810001147"
"363","Rhinolophus ferrumequinum","Rhinolophidae","Sarbecovirus","Europe","Italy","Balboni 2012 The Scientific World Journal https://doi.org/10.1100/2012/989514"
"364","Rhinolophus ferrumequinum","Rhinolophidae","Sarbecovirus","Europe","Bulgaria","Drexler 2010 Journal of Virology https://doi.org/10.1128/JVI.00650-10"
"365","Rhinolophus ferrumequinum","Rhinolophidae","Sarbecovirus","Asia","China","Hu 2017 PLoS Pathog https://doi.org/10.1371/journal.ppat.1006698"
"366","Rhinolophus ferrumequinum","Rhinolophidae","Sarbecovirus","Asia","China","Hu 2017 Sci Rep https://doi.org/10.1038/s41598-017-11384-w"
"367","Rhinolophus ferrumequinum","Rhinolophidae","Sarbecovirus","Asia","South Korea","Kim 2016 TED https://doi.org/10.1111/tbed.12515"
"368","Rhinolophus ferrumequinum","Rhinolophidae","Sarbecovirus","Asia","China","Lau 2015 Journal of Virology https://doi.org/10.1128/JVI.01048-15"
"369","Rhinolophus ferrumequinum","Rhinolophidae","Sarbecovirus","Asia","China","Lau 2021 Hong Kong Medical Journal https://www.hkmj.org/abstracts/v27 Suppl 2n3/23.htm"
"370","Rhinolophus ferrumequinum","Rhinolophidae","Sarbecovirus","Europe","Italy","Lecis 2018 Virus Genes https://doi.org/10.1007/s11262-018-1614-8"
"371","Rhinolophus ferrumequinum","Rhinolophidae","Sarbecovirus","Asia","South Korea","Lee 2017 Microbial Ecology https://doi.org/10.1007/s00248-017-1033-8"
"372","Rhinolophus ferrumequinum","Rhinolophidae","Sarbecovirus","Asia","South Korea","Lee 2021 Transboundary and Emerging Diseases https://doi.org/10.1111/tbed.14324"
"373","Rhinolophus ferrumequinum","Rhinolophidae","Sarbecovirus","Asia","China","Lin 2017 Virology https://doi.org/10.1016/j.virol.2017.03.019"
"374","Rhinolophus ferrumequinum","Rhinolophidae","Sarbecovirus","Asia","South Korea","Lo 2020 Transboundary and Emerging Diseases https://doi.org/10.1111/tbed.13653"
"375","Rhinolophus ferrumequinum","Rhinolophidae","Sarbecovirus","Europe","Luxembourg","Pauly 2017 AEM http://doi.org/10.1128/AEM.01326-17"
"376","Rhinolophus ferrumequinum","Rhinolophidae","Sarbecovirus","Europe","Italy","Rizzo 2017 BMC Veterinary Research https://doi.org/10.1186/s12917-017-1307-x"
"377","Rhinolophus ferrumequinum","Rhinolophidae","Sarbecovirus","Asia","China","Tang 2006 J Virol https://doi.org/10.1128/JVI.00697-06"
"378","Rhinolophus ferrumequinum","Rhinolophidae","Sarbecovirus","Asia","China","Wang 2019 Viruses https://doi.org/10.3390/v11040379"
"379","Rhinolophus ferrumequinum","Rhinolophidae","Sarbecovirus","Asia","China","Wu 2015 ISME J https://doi.org/10.1038/ismej.2015.138"
"380","Rhinolophus ferrumequinum","Rhinolophidae","Sarbecovirus","Asia","China","Wu 2021 Research Square https://doi.org/10.21203/rs.3.rs-885194/v1"
"381","Rhinolophus ferrumequinum","Rhinolophidae","Sarbecovirus","Asia","China","Xu 2016 Virologica Sinica https://doi.org/10.1007/s12250-016-3727-3"
"382","Rhinolophus hildebrandtii","Rhinolophidae","Sarbecovirus","Africa","Kenya","Tao 2017 J Virol https://doi.org/10.1128/JVI.01953-16"
"383","Rhinolophus hipposideros","Rhinolophidae","Sarbecovirus","Europe","Russia","Alkhovsky 2021 bioRxiv https://doi.org/10.1101/2021.05.17.444362"
"384","Rhinolophus hipposideros","Rhinolophidae","Sarbecovirus","Europe","UK","Crook 2021 Scientific Reports https://doi.org/10.1038/s41598-021-94011-z"
"385","Rhinolophus hipposideros","Rhinolophidae","Sarbecovirus","Europe","Italy","Lelli 2013 Viruses https://doi.org/10.3390/v5112679"
"386","Rhinolophus hipposideros","Rhinolophidae","Sarbecovirus","Europe","Slovenia","Rihtaric 2010 Archives of Virology https://doi.org/10.1007/s00705-010-0612-5"
"387","Rhinolophus macrotis","Rhinolophidae","Sarbecovirus","Asia","China","Li 2005 Science https://doi.org/10.1126/science.1118391"
"388","Rhinolophus macrotis","Rhinolophidae","Sarbecovirus","Asia","China","Tang 2006 J Virol https://doi.org/10.1128/JVI.00697-06"
"389","Rhinolophus macrotis","Rhinolophidae","Sarbecovirus","Asia","China","Wang 2019 Viruses https://doi.org/10.3390/v11040379"
"390","Rhinolophus malayanus","Rhinolophidae","Sarbecovirus","Asia","Laos","Temmam 2021 Research Square https://doi.org/10.21203/rs.3.rs-871965/v1"
"391","Rhinolophus malayanus","Rhinolophidae","Sarbecovirus","Asia","China","Zhou 2020 Current Biology https://doi.org/10.1016/j.cub.2020.05.023"
"392","Rhinolophus malayanus","Rhinolophidae","Sarbecovirus","Asia","China","Zhou 2021 Cell https://doi.org/10.1016/j.cell.2021.06.008"
"393","Rhinolophus marshalli","Rhinolophidae","Sarbecovirus","Asia","Laos","Temmam 2021 Research Square https://doi.org/10.21203/rs.3.rs-871965/v1"
"394","Rhinolophus mehelyi","Rhinolophidae","Sarbecovirus","Europe","Bulgaria","Drexler 2010 Journal of Virology https://doi.org/10.1128/JVI.00650-10"
"395","Rhinolophus monoceros","Rhinolophidae","Sarbecovirus","Asia","Taiwan","Chen 2016 ZPH https://doi.org/10.1111/zph.12271"
"396","Rhinolophus monoceros","Rhinolophidae","Sarbecovirus","Asia","Taiwan","Chen 2018 Taiwan Veterinary Journal http://dx.doi.org/10.1142/S1682648518500063"
"397","Rhinolophus monoceros","Rhinolophidae","Sarbecovirus","Asia","China","Lin 2017 Virology https://doi.org/10.1016/j.virol.2017.03.019"
"398","Rhinolophus pearsonii","Rhinolophidae","Sarbecovirus","Asia","China","Li 2005 Science https://doi.org/10.1126/science.1118391"
"399","Rhinolophus pearsonii","Rhinolophidae","Sarbecovirus","Asia","China","Lin 2017 Virology https://doi.org/10.1016/j.virol.2017.03.019"
"400","Rhinolophus pusillus","Rhinolophidae","Sarbecovirus","Asia","China","Hu 2017 Sci Rep https://doi.org/10.1038/s41598-017-11384-w"
"401","Rhinolophus pusillus","Rhinolophidae","Sarbecovirus","Asia","China","Latinne 2020 Nature Communications https://www.nature.com/articles/s41467-020-17687-33"
"402","Rhinolophus pusillus","Rhinolophidae","Sarbecovirus","Asia","China","Li 2021 bioRxiv https://doi.org/10.1101/2021.03.17.435823"
"403","Rhinolophus pusillus","Rhinolophidae","Sarbecovirus","Asia","Laos","Temmam 2021 Research Square https://doi.org/10.21203/rs.3.rs-871965/v1"
"404","Rhinolophus pusillus","Rhinolophidae","Sarbecovirus","Asia","China","Wang 2017 Emerg Microb Infect https://doi.org/10.1038/emi.2016.140"
"405","Rhinolophus pusillus","Rhinolophidae","Sarbecovirus","Asia","China","Wang 2019 Viruses https://doi.org/10.3390/v11040379"
"406","Rhinolophus pusillus","Rhinolophidae","Sarbecovirus","Asia","China","Wu 2015 ISME J https://doi.org/10.1038/ismej.2015.138"
"407","Rhinolophus pusillus","Rhinolophidae","Sarbecovirus","Asia","China","Wu 2021 Research Square https://doi.org/10.21203/rs.3.rs-885194/v1"
"408","Rhinolophus pusillus","Rhinolophidae","Sarbecovirus","Asia","China","Yang 2013 EID https://dx.doi.org/10.3201%2Feid1906.121648"
"409","Rhinolophus pusillus","Rhinolophidae","Sarbecovirus","Asia","China","Zhou 2021 Cell https://doi.org/10.1016/j.cell.2021.06.008"
"410","Rhinolophus rex","Rhinolophidae","Sarbecovirus","Asia","China","Lin 2017 Virology https://doi.org/10.1016/j.virol.2017.03.019"
"411","Rhinolophus shameli","Rhinolophidae","Sarbecovirus","Asia","Cambodia","Hul 2021 bioRxiv https://doi.org/10.1101/2021.01.26.428212"
"412","Rhinolophus sinicus","Rhinolophidae","Sarbecovirus","Africa, America, Asia","Cameroon, Gabon, Democratic Republic of Congo, Republic of Congo, Rwanda, Tanzania, Uganda, Peru, Bolivia, Brazil, Mexico, Bangladesh, Cambodia, China, Indonesia, Laos, Malaysia, Nepal, Thailand, Vietnam","Anthony 2017 Virus Evolution https://doi.org/10.1093/ve/vex012"
"413","Rhinolophus sinicus","Rhinolophidae","Sarbecovirus","Asia","China","Ge 2013 Nature https://doi.org/10.1038/nature12711"
"414","Rhinolophus sinicus","Rhinolophidae","Sarbecovirus","Asia","China","Han 2019 Frontiers in Microbiology https://www.frontiersin.org/articles/10.3389/fmicb.2019.01900/full"
"415","Rhinolophus sinicus","Rhinolophidae","Sarbecovirus","Asia","China","Hu 2017 PLoS Pathog https://doi.org/10.1371/journal.ppat.1006698"
"416","Rhinolophus sinicus","Rhinolophidae","Sarbecovirus","Asia","China","Hu 2018 Emerg Microb Infect https://doi.org/10.1038/s41426-018-0155-5"
"417","Rhinolophus sinicus","Rhinolophidae","Sarbecovirus","Asia","China","Latinne 2020 Nature Communications https://www.nature.com/articles/s41467-020-17687-33"
"418","Rhinolophus sinicus","Rhinolophidae","Sarbecovirus","Asia","China","Lau 2005 PNAS https://doi.org/10.1073/pnas.0506735102"
"419","Rhinolophus sinicus","Rhinolophidae","Sarbecovirus","Asia","China","Lau 2010 Journal of Virology https://doi.org/10.1128/JVI.02219-09"
"420","Rhinolophus sinicus","Rhinolophidae","Sarbecovirus","Asia","China","Lau 2018 JID https://doi.org/10.1093/infdis/jiy018"
"421","Rhinolophus sinicus","Rhinolophidae","Sarbecovirus","Asia","China","Lau 2021 Hong Kong Medical Journal https://www.hkmj.org/abstracts/v27 Suppl 2n3/23.htm"
"422","Rhinolophus sinicus","Rhinolophidae","Sarbecovirus","Asia","China","Lin 2017 Virology https://doi.org/10.1016/j.virol.2017.03.019"
"423","Rhinolophus sinicus","Rhinolophidae","Sarbecovirus","Asia","China","PREEMPT database http://data.predict.global/"
"424","Rhinolophus sinicus","Rhinolophidae","Sarbecovirus","Asia","China","Tang 2006 J Virol https://doi.org/10.1128/JVI.00697-06"
"425","Rhinolophus sinicus","Rhinolophidae","Sarbecovirus","Asia","China","Wang 2016 Virologica Sinica http://dx.doi.org/10.1007/s12250-015-3703-3"
"426","Rhinolophus sinicus","Rhinolophidae","Sarbecovirus","Asia","China","Wang 2019 Viruses https://doi.org/10.3390/v11040379"
"427","Rhinolophus sinicus","Rhinolophidae","Sarbecovirus","Asia","China","Woo 2006 Virology https://doi.org/10.1016/j.virol.2006.02.041"
"428","Rhinolophus sinicus","Rhinolophidae","Sarbecovirus","Asia","China","Woo 2007 J Virol https://doi.org/10.1128/JVI.02182-06"
"429","Rhinolophus sinicus","Rhinolophidae","Sarbecovirus","Asia","China","Wu 2015 ISME J https://doi.org/10.1038/ismej.2015.138"
"430","Rhinolophus sinicus","Rhinolophidae","Sarbecovirus","Asia","China","Wu 2021 Research Square https://doi.org/10.21203/rs.3.rs-885194/v1"
"431","Rhinolophus sinicus","Rhinolophidae","Sarbecovirus","Asia","China","Xu 2016 Virologica Sinica https://doi.org/10.1007/s12250-016-3727-3"
"432","Rhinolophus sinicus","Rhinolophidae","Sarbecovirus","Asia","China","Yang 2016 Journal of Virology https://doi.org/10.1128/JVI.02582-15"
"433","Rhinolophus sinicus","Rhinolophidae","Sarbecovirus","Asia","China","Yuan 2010 J Gen Virol https://doi.org/10.1099/vir.0.016378-0"
"434","Rhinolophus sinicus","Rhinolophidae","Sarbecovirus","Asia","China","Yuen 2012 Hong Kong Medical Journal https://www.hkmj.org/abstracts/v18n1s2/25.htm"
"435","Rhinolophus sinicus","Rhinolophidae","Sarbecovirus","Asia","China","Zhou 2021 Cell https://doi.org/10.1016/j.cell.2021.06.008"
"436","Rhinolophus stheno","Rhinolophidae","Sarbecovirus","Asia","China","Guo 2021 bioRxiv https://doi.org/10.1101/2021.05.21.445091"
"437","Rhinolophus stheno","Rhinolophidae","Sarbecovirus","Asia","China","Zhou 2021 Cell https://doi.org/10.1016/j.cell.2021.06.008"
"438","Rhinolophus thomasi","Rhinolophidae","Sarbecovirus","Asia","China","Lin 2017 Virology https://doi.org/10.1016/j.virol.2017.03.019"
"439","Rhinopoma hardwickii","Rhinopomatidae","Sarbecovirus","Africa, Asia","Jordan, Ethiopia","PREEMPT database http://data.predict.global/"
"440","Pipistrellus abramus","Vespertilionidae","Sarbecovirus","Asia","South Korea","Lee 2021 Transboundary and Emerging Diseases https://doi.org/10.1111/tbed.14324"
"441","Plecotus auritus","Vespertilionidae","Sarbecovirus","Europe","Italy","Lecis 2018 Virus Genes https://doi.org/10.1007/s11262-018-1614-8"
"442","Triaenops afer","Rhinonycteridae","Setracovirus","Africa, America, Asia","Cameroon, Gabon, Democratic Republic of Congo, Republic of Congo, Rwanda, Tanzania, Uganda, Peru, Bolivia, Brazil, Mexico, Bangladesh, Cambodia, China, Indonesia, Laos, Malaysia, Nepal, Thailand, Vietnam","Anthony 2017 Virus Evolution https://doi.org/10.1093/ve/vex012"
"443","Triaenops afer","Rhinonycteridae","Setracovirus","Africa","Mozambique","Joffrin 2020 Sci Rep https://doi.org/10.1038/s41598-020-63799-7"
"444","Triaenops afer","Rhinonycteridae","Setracovirus","Africa","Democratic Republic of the Congo, Republic of the Congo","Kumakamba 2021 PLoS ONE https://doi.org/10.1371/journal.pone.0236971"
"445","Triaenops afer","Rhinonycteridae","Setracovirus","Africa","Kenya","Tao 2017 J Virol https://doi.org/10.1128/JVI.01953-16"
"446","Triaenops persicus","Rhinonycteridae","Setracovirus","Africa, America, Asia","Cameroon, Gabon, Democratic Republic of Congo, Republic of Congo, Rwanda, Tanzania, Uganda, Peru, Bolivia, Brazil, Mexico, Bangladesh, Cambodia, China, Indonesia, Laos, Malaysia, Nepal, Thailand, Vietnam","Anthony 2017 Virus Evolution https://doi.org/10.1093/ve/vex012"
"447","Triaenops persicus","Rhinonycteridae","Setracovirus","Africa","Democratic Republic of the Congo, Republic of the Congo","Kumakamba 2021 PLoS ONE https://doi.org/10.1371/journal.pone.0236971"
"448","Triaenops persicus","Rhinonycteridae","Setracovirus","Africa","Rwanda, Tanzania, Uganda","Montecino-Latorre 2020 One Health Outlook https://doi.org/10.1186/s42522-019-0008-8"
